Customer OpCo,Customer #,Customer Name,Address,City,State,Zip Code,Invoice Date,Invoice Number,Invoice Order Number,Invoice Type,PO Number,Route Number,Route Stop Number,Invoice Subtotal,Invoice Discount,Invoice Charges Fees,Invoice Total Tax,Invoice Total,Total Qty Ordered,Total Qty Shipped,Vendor #,Manufacturer Name,Manufacturer Product #,Category/Class,GTIN,Product #,Custom Product Number,Product Description,Custom Product Description,Brand,Pack Size,UOM,Printed Sequence,Net Price,Qty Ordered,Qty Shipped,Weight,Unit Price,Ext. Price
Performance Foodservice Gilroy,55229235,JAYNA GYRO SACRAMENTO,3101 FOLSOM BLVD,SACRAMENTO,CA,95816-5218,10/20/2025,1968287,2113617,Invoice,,1043,7,2294.30,0.00,12.60,34.61,2341.51,46,46,84,COCA COLA NORTH AMERICA,09560010,BEVERAGE,00049000980776,2204,,SODA SYRUP LEMON LIME BNB,,SPRITE,1/5 GA,CS,1,123.76,1,1,,123.76,123.76
Performance Foodservice Gilroy,55229235,JAYNA GYRO SACRAMENTO,3101 FOLSOM BLVD,SACRAMENTO,CA,95816-5218,10/20/2025,1968287,2113617,Invoice,,1043,7,2294.30,0.00,12.60,34.61,2341.51,46,46,84,COCA COLA NORTH AMERICA,04250010,BEVERAGE,00049000981025,26383,,SODA SYRUP COKE CLSC BNB TFF,,COKE,1/5 GA,CS,2,123.76,1,1,,123.76,123.76
Performance Foodservice Gilroy,55229235,JAYNA GYRO SACRAMENTO,3101 FOLSOM BLVD,SACRAMENTO,CA,95816-5218,10/20/2025,1968287,2113617,Invoice,,1043,7,2294.30,0.00,12.60,34.61,2341.51,46,46,84,COCA COLA NORTH AMERICA,04240010,BEVERAGE,00049000980912,28969,,SODA SYRUP COLA DIET BNB TFF,,DT COKE,1/5 GA,CS,3,123.76,1,1,,123.76,123.76
Performance Foodservice Gilroy,55229235,JAYNA GYRO SACRAMENTO,3101 FOLSOM BLVD,SACRAMENTO,CA,95816-5218,10/20/2025,1968287,2113617,Invoice,,1043,7,2294.30,0.00,12.60,34.61,2341.51,46,46,268,BUNZL DISTRIBUTION USA IN,E7680199,DISPOSABLES,,125378,,CUP PLAS 16 OZ CLR PET,,PRMR ESS,4/250 CT,CS,4,70.91,1,1,,70.91,70.91
Performance Foodservice Gilroy,55229235,JAYNA GYRO SACRAMENTO,3101 FOLSOM BLVD,SACRAMENTO,CA,95816-5218,10/20/2025,1968287,2113617,Invoice,,1043,7,2294.30,0.00,12.60,34.61,2341.51,46,46,278,HFA INC HANDI FOIL,51805PFG,DISPOSABLES,00806795003505,157547,,FOIL STD 18" ROLL,,FRST MRK,1/500 FT,CS,5,46.80,1,1,,46.80,46.80
Performance Foodservice Gilroy,55229235,JAYNA GYRO SACRAMENTO,3101 FOLSOM BLVD,SACRAMENTO,CA,95816-5218,10/20/2025,1968287,2113617,Invoice,,1043,7,2294.30,0.00,12.60,34.61,2341.51,46,46,32011,AFFLINK,A691NIFB,DISPOSABLES,50601999470239,173125,,NAPKIN 1 PLY INTER FOLD WHI,,AFFEXADV,12/500 CT,CS,6,34.48,1,1,,34.48,34.48
Performance Foodservice Gilroy,55229235,JAYNA GYRO SACRAMENTO,3101 FOLSOM BLVD,SACRAMENTO,CA,95816-5218,10/20/2025,1968287,2113617,Invoice,,1043,7,2294.30,0.00,12.60,34.61,2341.51,46,46,78,BERRY GLOBAL FILMS LLC,1507115,DISPOSABLES,00806795006568,194626,,CAN LINER 45 GA XHW BLK 40X46,,FRST MRK,10/10 CT,CS,7,40.33,2,2,,40.33,80.66
Performance Foodservice Gilroy,55229235,JAYNA GYRO SACRAMENTO,3101 FOLSOM BLVD,SACRAMENTO,CA,95816-5218,10/20/2025,1968287,2113617,Invoice,,1043,7,2294.30,0.00,12.60,34.61,2341.51,46,46,32008,PFA MILWAUKEE,103722,SEAFOOD,00806795608441,240069,,OCTOPUS WHL 2-4 LB RAW FZ,,BAYWINDS,1/28 LB,CS,8,210.02,1,1,,210.02,210.02
Performance Foodservice Gilroy,55229235,JAYNA GYRO SACRAMENTO,3101 FOLSOM BLVD,SACRAMENTO,CA,95816-5218,10/20/2025,1968287,2113617,Invoice,,1043,7,2294.30,0.00,12.60,34.61,2341.51,46,46,2035,SSDC INC,1111708,CHEMICALS & CLEANING,10806795041733,244422,,CLEANER AP & FLOOR NEUTRAL,,FRST MRK,4/1 GA,CS,9,62.23,1,1,,62.23,62.23
Performance Foodservice Gilroy,55229235,JAYNA GYRO SACRAMENTO,3101 FOLSOM BLVD,SACRAMENTO,CA,95816-5218,10/20/2025,1968287,2113617,Invoice,,1043,7,2294.30,0.00,12.60,34.61,2341.51,46,46,33473,REMA FOODS,261377,GROCERY DRY,10806795045793,264684,,GARLIC PWDR,,ROMA,1/5 LB,CS,10,32.97,1,1,,32.97,32.97
Performance Foodservice Gilroy,55229235,JAYNA GYRO SACRAMENTO,3101 FOLSOM BLVD,SACRAMENTO,CA,95816-5218,10/20/2025,1968287,2113617,Invoice,,1043,7,2294.30,0.00,12.60,34.61,2341.51,46,46,33473,REMA FOODS,261442,GROCERY DRY,10806795045939,264698,,PEPPER RED CRUSHED,,ROMA,1/4 LB,CS,11,23.63,1,1,,23.63,23.63
Performance Foodservice Gilroy,55229235,JAYNA GYRO SACRAMENTO,3101 FOLSOM BLVD,SACRAMENTO,CA,95816-5218,10/20/2025,1968287,2113617,Invoice,,1043,7,2294.30,0.00,12.60,34.61,2341.51,46,46,10200,ASA TRADING CO,601011,GROCERY DRY,,286289,,RICE JASMINE,,PACKER,1/50 LB,CS,12,56.97,1,1,,56.97,56.97
Performance Foodservice Gilroy,55229235,JAYNA GYRO SACRAMENTO,3101 FOLSOM BLVD,SACRAMENTO,CA,95816-5218,10/20/2025,1968287,2113617,Invoice,,1043,7,2294.30,0.00,12.60,34.61,2341.51,46,46,32632,GEMSA ENTERPRISES LLC,AL10017,GROCERY DRY,00833849000074,342236,,OIL OLIVE CANOLA 90/10 BLND,,ALBERGO,6/1 GA,CS,13,54.33,2,2,,54.33,108.66
Performance Foodservice Gilroy,55229235,JAYNA GYRO SACRAMENTO,3101 FOLSOM BLVD,SACRAMENTO,CA,95816-5218,10/20/2025,1968287,2113617,Invoice,,1043,7,2294.30,0.00,12.60,34.61,2341.51,46,46,32488,DOMINO FOODS INC,404736,GROCERY DRY,00015800030515,357510,,SUGAR GRANULATED,,C&H,1/50 LB,CS,14,42.86,1,1,,42.86,42.86
Performance Foodservice Gilroy,55229235,JAYNA GYRO SACRAMENTO,3101 FOLSOM BLVD,SACRAMENTO,CA,95816-5218,10/20/2025,1968287,2113617,Invoice,,1043,7,2294.30,0.00,12.60,34.61,2341.51,46,46,84,COCA COLA NORTH AMERICA,52400298,BEVERAGE,00072979170077,364479,,SODA SYRUP GINGER ALE BNB,,SEAGRAMS,1/2.5 GA,CS,15,64.55,1,1,,64.55,64.55
Performance Foodservice Gilroy,55229235,JAYNA GYRO SACRAMENTO,3101 FOLSOM BLVD,SACRAMENTO,CA,95816-5218,10/20/2025,1968287,2113617,Invoice,,1043,7,2294.30,0.00,12.60,34.61,2341.51,46,46,1705,KRONOS PRODUCTS INC,002036,FROZEN FOOD PROCESS,10077589400368,381309,,BREAD PITA PRFCT 7" NO POCKET,,KRONOS,12/10 CT,CS,16,35.91,5,5,,35.91,179.55
Performance Foodservice Gilroy,55229235,JAYNA GYRO SACRAMENTO,3101 FOLSOM BLVD,SACRAMENTO,CA,95816-5218,10/20/2025,1968287,2113617,Invoice,,1043,7,2294.30,0.00,12.60,34.61,2341.51,46,46,2175,TRINIDAD BENHAM CORP,390307,GROCERY DRY,00806795464542,390307,,BEAN GARBANZO,,SLVR SRC,1/25 LB,CS,17,31.39,2,2,,31.39,62.78
Performance Foodservice Gilroy,55229235,JAYNA GYRO SACRAMENTO,3101 FOLSOM BLVD,SACRAMENTO,CA,95816-5218,10/20/2025,1968287,2113617,Invoice,,1043,7,2294.30,0.00,12.60,34.61,2341.51,46,46,2178,KENS FOODS INC,LG0905,GROCERY DRY,10806795466499,400109,,MAYO,,LUIGI,4/1 GA,CS,18,47.54,3,3,,47.54,142.62
Performance Foodservice Gilroy,55229235,JAYNA GYRO SACRAMENTO,3101 FOLSOM BLVD,SACRAMENTO,CA,95816-5218,10/20/2025,1968287,2113617,Invoice,,1043,7,2294.30,0.00,12.60,34.61,2341.51,46,46,10200,ASA TRADING CO,713298,GROCERY DRY,00024463061248,417651,,SAUCE CHILI PASTE,,SAMBAL,3/8.5 LB,CS,19,43.01,1,1,,43.01,43.01
Performance Foodservice Gilroy,55229235,JAYNA GYRO SACRAMENTO,3101 FOLSOM BLVD,SACRAMENTO,CA,95816-5218,10/20/2025,1968287,2113617,Invoice,,1043,7,2294.30,0.00,12.60,34.61,2341.51,46,46,32716,IPAP ESSITY AFFLINK,437582,DISPOSABLES,00806795476446,437582,,TOWEL MULTIFOLD NAT 1 PLY,,FRST MRK,16/250 CT,CS,20,24.12,2,2,,24.12,48.24
Performance Foodservice Gilroy,55229235,JAYNA GYRO SACRAMENTO,3101 FOLSOM BLVD,SACRAMENTO,CA,95816-5218,10/20/2025,1968287,2113617,Invoice,,1043,7,2294.30,0.00,12.60,34.61,2341.51,46,46,52,HANDGARDS INC,305214028,DISPOSABLES,10738101140284,509326,,PICK PADDLE BAMBOO 4.5",,HANDGARD,10/100 CT,CS,21,22.09,1,1,,22.09,22.09
Performance Foodservice Gilroy,55229235,JAYNA GYRO SACRAMENTO,3101 FOLSOM BLVD,SACRAMENTO,CA,95816-5218,10/20/2025,1968287,2113617,Invoice,,1043,7,2294.30,0.00,12.60,34.61,2341.51,46,46,33302,BLUETRITON BRAND INC,8274-93471,BEVERAGE,00006827493476,543845,,WATER DRINKING,,HILTON,24/16.9OZ,CS,22,5.12,3,3,,5.12,15.36
Performance Foodservice Gilroy,55229235,JAYNA GYRO SACRAMENTO,3101 FOLSOM BLVD,SACRAMENTO,CA,95816-5218,10/20/2025,1968287,2113617,Invoice,,1043,7,2294.30,0.00,12.60,34.61,2341.51,46,46,267,BIOBAG AMERICAS INC,39G3543,DISPOSABLES,00831128004553,546671,,CAN LINER 39 GA COMPOSTABLE GR,,BIO BAG,10/12 CT,CS,23,68.60,1,1,,68.60,68.60
Performance Foodservice Gilroy,55229235,JAYNA GYRO SACRAMENTO,3101 FOLSOM BLVD,SACRAMENTO,CA,95816-5218,10/20/2025,1968287,2113617,Invoice,,1043,7,2294.30,0.00,12.60,34.61,2341.51,46,46,52,HANDGARDS INC,304340374,DISPOSABLES,10738101403747,557627,,GLOVE NITRILE XL BLK PWDRLSS,,HANDGARD,10/100 CT,CS,24,44.52,1,1,,44.52,44.52
Performance Foodservice Gilroy,55229235,JAYNA GYRO SACRAMENTO,3101 FOLSOM BLVD,SACRAMENTO,CA,95816-5218,10/20/2025,1968287,2113617,Invoice,,1043,7,2294.30,0.00,12.60,34.61,2341.51,46,46,52,HANDGARDS INC,304340372,DISPOSABLES,10738101403723,562573,,GLOVE NITRILE MED BLK PWDRLSS,,HANDGARD,10/100 CT,CS,25,44.52,1,1,,44.52,44.52
Performance Foodservice Gilroy,55229235,JAYNA GYRO SACRAMENTO,3101 FOLSOM BLVD,SACRAMENTO,CA,95816-5218,10/20/2025,1968287,2113617,Invoice,,1043,7,2294.30,0.00,12.60,34.61,2341.51,46,46,50022,BEYOND MEAT,004712,FROZEN FOOD PROCESS,00852629004712,575985,,BEEF IMIT BURGER FZ,,BEYONDMT,32/6 OZ,CS,26,107.95,1,1,,107.95,107.95
Performance Foodservice Gilroy,55229235,JAYNA GYRO SACRAMENTO,3101 FOLSOM BLVD,SACRAMENTO,CA,95816-5218,10/20/2025,1968287,2113617,Invoice,,1043,7,2294.30,0.00,12.60,34.61,2341.51,46,46,33133,NATURAL COMMERCE INC,276665,GROCERY DRY,10814343020055,783909,,ORG REFINED COCONUT OIL,,MADEWITH,0/,CS,27,0.00,0,0,,0.00,0.00
Performance Foodservice Gilroy,55229235,JAYNA GYRO SACRAMENTO,3101 FOLSOM BLVD,SACRAMENTO,CA,95816-5218,10/20/2025,1968287,2113617,Invoice,,1043,7,2294.30,0.00,12.60,34.61,2341.51,46,46,294,CARGILL SALT,110035832,GROCERY DRY,50013600020014,804708,,SALT KSHR COARSE,,DMND CRY,9/3 LB,CS,28,63.65,1,1,,63.65,63.65
Performance Foodservice Gilroy,55229235,JAYNA GYRO SACRAMENTO,3101 FOLSOM BLVD,SACRAMENTO,CA,95816-5218,10/20/2025,1968287,2113617,Invoice,,1043,7,2294.30,0.00,12.60,34.61,2341.51,46,46,268,BUNZL DISTRIBUTION USA IN,E7680205,DISPOSABLES,,853813,,LID STRAW SLOT PET,,PRMR ESS,1/1000CT,CS,29,26.85,1,1,,26.85,26.85
Performance Foodservice Gilroy,55229235,JAYNA GYRO SACRAMENTO,3101 FOLSOM BLVD,SACRAMENTO,CA,95816-5218,10/20/2025,1968287,2113617,Invoice,,1043,7,2294.30,0.00,12.60,34.61,2341.51,46,46,268,BUNZL DISTRIBUTION USA IN,E7800222,DISPOSABLES,10806795613411,869787,,CUP PORTN PLAS 2 OZ TRNSLCNT P,,FRST MRK,10/250 CT,CS,30,35.55,1,1,,35.55,35.55
Performance Foodservice Gilroy,55229235,JAYNA GYRO SACRAMENTO,3101 FOLSOM BLVD,SACRAMENTO,CA,95816-5218,10/20/2025,1968287,2113617,Invoice,,1043,7,2294.30,0.00,12.60,34.61,2341.51,46,46,268,BUNZL DISTRIBUTION USA IN,E7800245,DISPOSABLES,10806795613497,870041,,LID PORTN CUP PLAS 1.5-2.5 OZ,,FRST MRK,20/125 CT,CS,31,33.39,1,1,,33.39,33.39
Performance Foodservice Gilroy,55229235,JAYNA GYRO SACRAMENTO,3101 FOLSOM BLVD,SACRAMENTO,CA,95816-5218,10/20/2025,1968287,2113617,Invoice,,1043,7,2294.30,0.00,12.60,34.61,2341.51,46,46,311,ATALANTA CORPORATION,345225,GROCERY DRY,10071270380847,972132,,PEPPERONCINI TRKSH WHL TFF,,DEL DEST,4/1 GA,CS,32,37.40,4,4,,37.40,149.60
